{"overpass": {"HickoryHlw": [7319.7900390625, 7491.685546875], "OldFranklin": [11506.7197265625, 11552.5400390625], "OldHickory": [19842.8984375, 20024.25]}, "poles": {"1": [378.8119201660156, -78.6540756225586], "2": [912.4987182617188, -77.75425720214844], "3": [1434.222900390625, -75.83209991455078], "4": [1949.931640625, -77.06248474121094], "5": [2555.392822265625, -88.82599639892578], "6": [3100.239013671875, -87.15896606445312], "7": [3660.62255859375, -86.81729125976562], "8": [4247.07275390625, -82.76583862304688], "9": [4716.87353515625, -93.19849395751953], "10": [5277.62890625, -90.22612762451172], "11": [5835.73193359375, -94.87590026855469], "12": [6441.17236328125, -95.99866485595703], "13": [7051.72802734375, -110.60211944580078], "14": [7594.6220703125, -81.71009063720703], "15": [8068.39404296875, -100.46387481689453], "16": [8558.388671875, -93.6169204711914], "17": [9052.0927734375, -83.23976135253906], "18": [9592.67578125, -79.61035919189453], "19": [10111.3125, -82.98294067382812], "20": [10688.1533203125, -86.49021911621094], "21": [11270.49609375, -79.34939575195312], "22": [11951.4052734375, -83.72122955322266], "23": [12456.1982421875, -82.66157531738281], "24": [12982.41796875, -82.41410827636719], "25": [13448.65234375, -83.34434509277344], "26": [13934.650390625, -83.62569427490234], "27": [14609.072265625, -85.96742248535156], "28": [15028.9443359375, -89.42071533203125], "29": [15641.8203125, -93.76422882080078], "30": [16211.9013671875, -97.32976531982422], "31": [16695.275390625, -90.39929962158203], "32": [17247.8671875, -93.15874481201172], "33": [17816.404296875, -93.62223815917969], "34": [18378.7265625, -100.25029754638672], "35": [18868.1953125, -108.38497924804688], "36": [19253.490234375, -75.39828491210938], "37": [19687.1015625, -76.747802734375], "38": [20161.171875, -81.49158477783203], "39": [20767.26953125, -89.91808319091797], "40": [21319.623046875, -80.1339340209961], "46": [24871.24609375, 81.42256927490234], "47": [25381.365234375, 79.21260070800781], "48": [25911.60546875, 78.72256469726562]}, "underpass": {"BellRd": [3758.587158203125, 3947.058349609375], "MillCreek": [-23.455429077148438, -239.9915008544922]}}