{"overpass": {"HickoryHlw": [7307.31591796875, 7479.4794921875], "OldFranklin": [11505.1552734375, 11550.9853515625], "OldHickory": [19849.19140625, 20031.724609375]}, "poles": {"1": [366.5682067871094, -78.53479766845703], "2": [900.3582153320312, -77.8332290649414], "3": [1422.0784912109375, -76.12664794921875], "4": [1937.8248291015625, -77.0240249633789], "5": [2543.195556640625, -87.58130645751953], "6": [3087.907958984375, -85.02388763427734], "7": [3648.322265625, -84.00636291503906], "8": [4234.9345703125, -80.55772399902344], "9": [4704.8740234375, -91.68832397460938], "10": [5265.58984375, -89.0294418334961], "11": [5823.6103515625, -94.09105682373047], "12": [6429.11083984375, -94.96983337402344], "13": [7039.52294921875, -108.78157806396484], "14": [7583.11865234375, -80.15758514404297], "15": [8058.79052734375, -97.73005676269531], "16": [8552.966796875, -92.18354034423828], "17": [9047.5595703125, -81.26341247558594], "18": [9589.41796875, -77.33489990234375], "19": [10108.76171875, -80.9301528930664], "20": [10686.1298828125, -85.30615234375], "21": [11268.8134765625, -79.07514190673828], "22": [11949.94140625, -83.8415756225586], "23": [12454.7724609375, -82.3407211303711], "24": [12980.734375, -81.79969787597656], "25": [13447.1748046875, -82.69917297363281], "26": [13932.8330078125, -82.41499328613281], "27": [14607.310546875, -85.86820220947266], "28": [15027.9306640625, -89.05122375488281], "29": [15640.4130859375, -92.22785186767578], "30": [16210.9404296875, -95.88027954101562], "31": [16694.568359375, -89.45205688476562], "32": [17247.880859375, -92.59568786621094], "33": [17816.44921875, -92.33161926269531], "34": [18379.96875, -98.92491912841797], "35": [18870.392578125, -106.76341247558594], "36": [19256.849609375, -73.98182678222656], "37": [19692.44921875, -75.72611999511719], "38": [20169.865234375, -80.12220001220703], "39": [20781.28515625, -87.3565444946289], "40": [21340.59765625, -78.23849487304688], "46": [25244.662109375, 81.68537139892578], "47": [25855.634765625, 79.06089782714844], "48": [26532.16015625, 79.55941772460938]}, "underpass": {"BellRd": [3746.41064453125, 3934.907958984375], "MillCreek": [-35.68090057373047, -252.3035125732422]}}